"","EUA","NZU","HBEA","CCA","KAU","ACCU","RGGI"
"EUA",70.8494657411184,2.8392738086403,0.554708197926473,14.3346114188595,0.343342136615116,6.6940265394292,4.38457215741101
"NZU",5.54484943371937,69.3348511341495,0.301484596221612,4.090696592502,1.2893026176932,14.1049292996768,5.33388632603754
"HBEA",0.830538271663704,0.779116132283219,95.7199845888691,0.31790171841095,0.84875720309017,0.612478422206201,0.891223663476674
"CCA",13.2439828105586,6.79709997856061,0.261956960580797,63.5663576134802,0.725071097007101,5.29890869962401,10.1066228401887
"KAU",0.674525133335963,1.4476134756677,0.467103676354762,0.785403508434527,93.0602190211602,3.00336466142573,0.561770523621166
"ACCU",7.00894342204082,10.1718538962718,0.295305134544572,2.34548738606628,2.5775658658876,74.918119939956,2.68272435523289
"RGGI",5.14201812920626,7.16224086623682,0.471960431250139,10.5450841485743,0.49112970844989,5.00035162770133,71.1872150885813
