"","EUA","NZU","HBEA","CCA","KAU","ACCU","RGGI"
"EUA",84.5554611743798,2.41229519623935,0.666119985416846,6.20353435487131,0.747607140355454,2.44764442130416,2.96733772743308
"NZU",4.14920829938405,85.2228562942603,0.171662734408073,3.04420447432632,0.679643578369369,4.13487669186939,2.59754792738249
"HBEA",0.75316180822454,0.385818939537456,96.1123421822643,0.623203125163449,0.55881704362048,0.918386630020539,0.64827027116927
"CCA",5.11114404815036,2.46656675099648,0.496762275713202,77.6773161416936,0.188131491123019,3.47656651430376,10.5835127780196
"KAU",1.69163633262785,0.713023496011135,0.570513110667319,0.272785197689949,94.4304796165908,1.50790555016398,0.81365669624896
"ACCU",3.01917769793312,3.95608103826713,0.431722185941257,3.28613674337416,0.92276004348164,85.1826089160051,3.20151337499765
"RGGI",2.65039100740815,3.25568461574597,0.60492005943196,11.2435454946585,0.836326020989398,3.56048522867788,77.8486475730882
