"","EUA","NZU","HBEA","CCA","KAU","ACCU","RGGI"
"EUA",92.3819108619773,2.74841749391401,0.897839287647839,1.46622774791061,0.697827215614435,0.452017836071659,1.3557595568641
"NZU",2.00690734250432,90.9703075118549,0.297812918712363,3.29202725155108,1.22002103018466,1.2015509348983,1.0113730102944
"HBEA",1.19861632721913,0.447756836451187,97.0572656239508,0.422229718345688,0.277827934014321,0.305143751327047,0.291159808691824
"CCA",0.733674285653879,3.36394679549168,0.396394835725708,83.6284715377215,0.887803525003414,3.1985728815028,7.79113613890098
"KAU",0.775030092282549,1.21414570267646,0.403714786863371,1.04312114894333,94.1185068783412,1.34830539575005,1.09717599514305
"ACCU",0.470244281164493,3.10985019003752,0.241175100997486,3.53730769031295,1.06023164912656,88.1216752874949,3.45951580086614
"RGGI",1.03347522217977,2.06172580433691,0.765187781134736,9.13638000454584,0.571767886399572,2.10871355566347,84.3227497457397
